,RMSE,MAE
0,0.022040466956687328,0.016141201213554193
1,0.02895671788023157,0.02192731629825121
2,0.09448151106167493,0.07590949233118574
