,RMSE,MAE
0,0.020397344413191087,0.014861071540291588
1,0.022277748991636006,0.016938812100753972
2,0.05227481819472532,0.0423361679069638
